db_index	motif_id	motif_alt_id	consensus	E-value	adj_p-value	log_adj_p-value	bin_location	bin_width	total_width	sites_in_bin	total_sites	p_success	p-value	mult_tests
   1	HWYWTBYTTGTTTACHTTTWK	MEME-1	HWYWTBYTTGTTTACHTTTWK	3.3e-417	   4.4e-420	        -965.61	         0.0	     13.0	        481	         418	        798	  0.02703	1.8e-422	       240
   2	RTMAACA	DREME-1	RTAAACA	2.3e-377	   3.0e-380	        -873.87	         0.0	     13.0	        495	         366	        674	  0.02626	1.2e-382	       247
   3	Fkh1p&consensus=aaDtGTAAACAAagxxga	Fkh1p	AADTGTAAACAAAGNNGA	2.8e-299	   3.7e-302	        -694.07	         0.0	     10.0	        484	         308	        747	  0.02066	1.5e-304	       241
   3	Fkh1p&consensus=RTAAAYAA	Fkh1p	RTAAAYAA	2.8e-292	   3.8e-295	        -677.93	         0.0	     12.0	        494	         325	        800	  0.02429	1.5e-297	       246
   3	Fkh2p&consensus=RTAAAYAA	Fkh2p	RTAAAYAA	2.8e-292	   3.8e-295	        -677.93	         0.0	     12.0	        494	         325	        800	  0.02429	1.5e-297	       246
   3	Fkh2p&consensus=aaaGTAAACAAagxxgV	Fkh2p	AAAGTAAACAAAGNNGV	4.4e-280	   5.9e-283	        -649.86	         0.0	      9.0	        485	         288	        762	  0.01856	2.4e-285	       242
   3	Fkh1p&consensus=GTMAACAA	Fkh1p	GTMAACAA	2.5e-261	   3.4e-264	        -606.66	         0.0	     12.0	        494	         297	        753	  0.02429	1.4e-266	       246
   3	Fkh2p&consensus=GTMAACAA	Fkh2p	GTMAACAA	2.5e-261	   3.4e-264	        -606.66	         0.0	     12.0	        494	         297	        753	  0.02429	1.4e-266	       246
   3	Fkh2p&consensus=gtaaaca	Fkh2p	GTAAACA	2.8e-253	   3.8e-256	        -588.13	         0.0	     13.0	        495	         274	        606	  0.02626	1.5e-258	       247
   3	Fkh1p&consensus=gtaaAcAaa	Fkh1p	GTAAACAAA	5.4e-236	   7.2e-239	        -548.35	         0.0	     11.0	        493	         278	        804	  0.02231	2.9e-241	       246
   3	Hcm1p&consensus=atMAACAa	Hcm1p	ATMAACAA	3.9e-221	   5.1e-224	        -514.14	         0.0	     12.0	        494	         273	        798	  0.02429	2.1e-226	       246
   3	Fkh1p&consensus=RYMAAYA	Fkh1p	RYMAAYA	2.7e-167	   3.5e-170	        -390.18	         0.0	     13.0	        495	         237	        800	  0.02626	1.4e-172	       247
   3	Fkh2p&consensus=RYMAAYA	Fkh2p	RYMAAYA	2.7e-167	   3.5e-170	        -390.18	         0.0	     13.0	        495	         237	        800	  0.02626	1.4e-172	       247
   3	Fkh1p&consensus=RYAAACAWW	Fkh1p	RYAAACAWW	1.1e-165	   1.5e-168	        -386.41	         0.0	     11.0	        493	         222	        790	  0.02231	6.2e-171	       246
   3	Fkh2p&consensus=RYAAACAWW	Fkh2p	RYAAACAWW	1.1e-165	   1.5e-168	        -386.41	         0.0	     11.0	        493	         222	        790	  0.02231	6.2e-171	       246
   3	Hcm1p&consensus=WAAYAAACAAW	Hcm1p	WAAYAAACAAW	6.8e-53	   9.1e-56	        -126.73	         0.0	     13.0	        491	         126	        786	  0.02648	3.7e-58	       245
   3	Ecm22p&consensus=cCTCGTWTAa	Ecm22p	CCTCGTWTAA	8.1e-36	   1.1e-38	         -87.42	         0.0	     10.0	        492	          82	        598	  0.02033	4.4e-41	       245
   3	Hmlalpha2p&consensus=tCaACAtG	Hmlalpha2p	TCAACATG	4.6e-31	   6.1e-34	         -76.49	         0.0	     12.0	        494	          91	        739	  0.02429	2.5e-36	       246
   1	MAAKRRAAAAAAAAAAAAAAA	MEME-2	MAAKRRAAAAAAAAAAAAAAA	1.7e-25	   2.2e-28	         -63.67	         0.0	    141.0	        481	         358	        719	  0.29314	9.3e-31	       240
   3	Upc2p&consensus=cTCGTWTAg	Upc2p	CTCGTWTAG	3.2e-19	   4.3e-22	         -49.21	         0.0	     11.0	        493	          69	        682	  0.02231	1.7e-24	       246
   3	Ste12p&consensus=GGAAACA	Ste12p	GGAAACA	2.0e-17	   2.6e-20	         -45.10	         0.0	     13.0	        495	          76	        757	  0.02626	1.1e-22	       247
   3	Ste12p&consensus=TGTTTCCN{18}TGTTTCT	Ste12p	TGTTTCC	2.0e-17	   2.6e-20	         -45.10	         0.0	     13.0	        495	          76	        757	  0.02626	1.1e-22	       247
   2	RTAWATA	DREME-2	RTAAATA	1.2e-14	   1.6e-17	         -38.69	         0.0	     27.0	        495	          89	        550	  0.05455	6.4e-20	       247
   3	Ixr1p&consensus=KTTSAAYKGTTYASA	Ixr1p	KTTSAAYKGTTYASA	2.3e-13	   3.0e-16	         -35.74	         0.0	      7.0	        487	          35	        356	  0.01437	1.2e-18	       243
   3	Matalpha2p&consensus=DcRTGT	Matalpha2p	DCRTGT	1.1e-12	   1.4e-15	         -34.20	         0.0	      8.0	        496	          54	        804	  0.01613	5.7e-18	       247
   2	AGKGATG	DREME-5	AGKGATG	1.8e-10	   2.4e-13	         -29.06	         0.0	     93.0	        495	          52	         92	  0.18788	9.7e-16	       247
   2	ARAGSGC	DREME-4	AAAGSGC	7.3e-10	   9.7e-13	         -27.66	         0.0	     67.0	        495	          61	        158	  0.13535	3.9e-15	       247
   1	CGYAMMCSRSWGCGGCMKSTGMYMTTYYGC	MEME-3	CGYAMMCSRSWGCGGCMKSTGMYMTTYYGC	9.7e-9	   1.3e-11	         -25.08	         0.0	     70.0	        472	          16	         16	  0.14831	5.5e-14	       235
   2	ATTTCRC	DREME-9	ATTTCRC	5.2e-8	   6.9e-11	         -23.40	         0.0	     67.0	        495	          55	        146	  0.13535	2.8e-13	       247
   3	Dal82p&consensus=aaWgYGCGc	Dal82p	AAWGYGCGC	1.3e-7	   1.8e-10	         -22.46	         0.0	    171.0	        493	         341	        716	  0.34686	7.2e-13	       246
   2	TAGTRATA	DREME-6	TAGTRATA	1.6e-7	   2.1e-10	         -22.27	         0.0	     70.0	        494	          34	         66	  0.14170	8.7e-13	       246
   2	CGGGRAAA	DREME-15	CGGGRAAA	7.3e-6	   9.8e-9	         -18.44	         0.0	    294.0	        494	         356	        482	  0.59514	4.0e-11	       246
   3	Ume6p&consensus=tWxcCGCB	Ume6p	TWNCCGCB	1.2e-5	   1.6e-8	         -17.93	         0.0	    254.0	        494	         476	        754	  0.51417	6.7e-11	       246
   3	Rsc30p&consensus=cSCGc	Rsc30p	CSCGC	2.4e-5	   3.2e-8	         -17.26	         0.0	    201.0	        497	         405	        784	  0.40443	1.3e-10	       248
   3	Mcm1p&consensus=TTWCCYAAWNNGGWAAWW	Mcm1p	TTWCCYAAWNNGGWAAWW	2.7e-5	   3.6e-8	         -17.13	         0.0	    148.0	        484	         158	        335	  0.30579	1.5e-10	       241
   3	Ste12p&consensus=ATGAAACAATGAAACA	Ste12p	ATGAAACAATGAAACA	6.0e-5	   8.0e-8	         -16.34	         0.0	    126.0	        486	          94	        203	  0.25926	3.3e-10	       242
   3	Matalpha2p&consensus=atYRTGTa	Matalpha2p	ATYRTGTA	9.6e-5	   1.3e-7	         -15.87	         0.0	     20.0	        494	          70	        774	  0.04049	5.2e-10	       246
   3	Hmra2p&consensus=cRTGTAAW	Hmra2p	CRTGTAAW	1.1e-4	   1.5e-7	         -15.70	         0.0	     22.0	        494	          70	        701	  0.04453	6.2e-10	       246
   3	Rfx1p&consensus=TTGTTGTGGCAAC	Rfx1p	TTGTTGTGGCAAC	1.2e-4	   1.6e-7	         -15.65	         0.0	    115.0	        489	          68	        145	  0.23517	6.6e-10	       244
   3	Mbp1p&consensus=DCGCGt	Mbp1p	DCGCGT	2.9e-4	   3.8e-7	         -14.77	         0.0	    136.0	        496	         157	        377	  0.27419	1.6e-9	       247
   3	Mot3p&consensus=YRTGTAaW	Mot3p	YRTGTAAW	2.9e-4	   3.9e-7	         -14.76	         0.0	     18.0	        494	          64	        762	  0.03644	1.6e-9	       246
   3	Swi4p&consensus=TTTTCGCT	Swi4p	TTTTCGCT	3.0e-4	   3.9e-7	         -14.75	         0.0	    188.0	        494	         259	        506	  0.38057	1.6e-9	       246
   3	Cad1p&consensus=TTABGTAA	Cad1p	TTABGTAA	3.1e-4	   4.1e-7	         -14.72	         0.0	    284.0	        494	         437	        633	  0.57490	1.7e-9	       246
   3	Gsm1p&consensus=CGGNNNNNNNNNCGG	Gsm1p	CGGNNNNNNNNNCGG	3.6e-4	   4.8e-7	         -14.55	         0.0	    253.0	        487	         299	        455	  0.51951	2.0e-9	       243
   3	Gsm1p&consensus=CCGxxxxxxxxxCCG	Gsm1p	CCGNNNNNNNNNCCG	3.6e-4	   4.8e-7	         -14.55	         0.0	    253.0	        487	         299	        455	  0.51951	2.0e-9	       243
   2	GCCGYAC	DREME-16	GCCGYAC	4.7e-4	   6.2e-7	         -14.29	         0.0	    267.0	        495	         112	        144	  0.53939	2.5e-9	       247
   2	CAATGCS	DREME-13	CAATGCS	9.4e-4	   1.3e-6	         -13.59	         0.0	     87.0	        495	          44	        105	  0.17576	5.1e-9	       247
   3	Rox1p&consensus=TCTATTGTTTCCC	Rox1p	TCTATTGTTTCCC	1.1e-3	   1.5e-6	         -13.44	         0.0	      7.0	        489	          19	        237	  0.01431	6.0e-9	       244
   3	Ste12p&consensus=TTGAAACAATGAAACA	Ste12p	TTGAAACAATGAAACA	1.3e-3	   1.8e-6	         -13.24	         0.0	     18.0	        486	          25	        173	  0.03704	7.3e-9	       242
   3	Swi4p&consensus=tTTCGCGt	Swi4p	TTTCGCGT	2.9e-3	   3.8e-6	         -12.47	         0.0	    138.0	        494	         278	        744	  0.27935	1.6e-8	       246
   3	Yrr1p&consensus=cGGaxataa	Yrr1p	CGGANATAA	4.1e-3	   5.4e-6	         -12.12	         0.0	    237.0	        493	         465	        804	  0.48073	2.2e-8	       246
   3	Hac1p&consensus=cACGTGKc	Hac1p	CACGTGKC	5.9e-3	   7.9e-6	         -11.75	         0.0	     10.0	        494	          38	        676	  0.02024	3.2e-8	       246
   3	Hmlalpha2p&consensus=WTTACAYR	Hmlalpha2p	WTTACAYR	1.1e-2	   1.5e-5	         -11.11	         0.0	     22.0	        494	          69	        770	  0.04453	6.1e-8	       246
   3	Ste12p&consensus=TTGAAACAATGAAACG	Ste12p	TTGAAACAATGAAACG	1.5e-2	   2.0e-5	         -10.84	         0.0	      4.0	        486	           9	         92	  0.00823	8.1e-8	       242
   3	Mot3p&consensus=WAGGTA	Mot3p	WAGGTA	1.5e-2	   2.0e-5	         -10.83	         0.0	     20.0	        496	          44	        453	  0.04032	8.0e-8	       247
   3	Rsc3p&consensus=CGCGc	Rsc3p	CGCGC	1.6e-2	   2.1e-5	         -10.76	         0.0	    295.0	        497	         274	        378	  0.59356	8.5e-8	       248
   3	Mig1p&consensus=ATAAACGCGGGG	Mig1p	ATAAACGCGGGG	1.6e-2	   2.1e-5	         -10.76	         0.0	     10.0	        490	          18	        189	  0.02041	8.7e-8	       244
   3	Mig2p&consensus=ATAAACGCGGGG	Mig2p	ATAAACGCGGGG	1.6e-2	   2.1e-5	         -10.76	         0.0	     10.0	        490	          18	        189	  0.02041	8.7e-8	       244
   3	Mig3p&consensus=ATAAACGCGGGG	Mig3p	ATAAACGCGGGG	1.6e-2	   2.1e-5	         -10.76	         0.0	     10.0	        490	          18	        189	  0.02041	8.7e-8	       244
   3	Aca1p&consensus=TTACGTAA	Aca1p	TTACGTAA	1.8e-2	   2.4e-5	         -10.66	         0.0	    266.0	        494	         141	        195	  0.53846	9.6e-8	       246
   3	Cst6p&consensus=TTACGTAA	Cst6p	TTACGTAA	1.8e-2	   2.4e-5	         -10.66	         0.0	    266.0	        494	         141	        195	  0.53846	9.6e-8	       246
   3	Gcn4p&consensus=TTACGTAA	Gcn4p	TTACGTAA	1.8e-2	   2.4e-5	         -10.66	         0.0	    266.0	        494	         141	        195	  0.53846	9.6e-8	       246
   3	Sko1p&consensus=TTACGTAA	Sko1p	TTACGTAA	1.8e-2	   2.4e-5	         -10.66	         0.0	    266.0	        494	         141	        195	  0.53846	9.6e-8	       246
   3	Met31p&consensus=YACagYgM	Met31p	YACAGYGM	1.8e-2	   2.4e-5	         -10.64	         0.0	    384.0	        494	         679	        797	  0.77733	9.8e-8	       246
   3	Pdr3p&consensus=VCGGaa	Pdr3p	VCGGAA	2.2e-2	   2.9e-5	         -10.44	         0.0	    210.0	        496	         399	        772	  0.42339	1.2e-7	       247
   3	Cad1p&consensus=TTACgTAAt	Cad1p	TTACGTAAT	2.3e-2	   3.0e-5	         -10.41	         0.0	    279.0	        493	         468	        708	  0.56592	1.2e-7	       246
   3	YML081W&consensus=HgxaHtACCCCGCaxHtxxB	YML081W	HGNAHTACCCCGCANHTNNB	2.4e-2	   3.2e-5	         -10.35	         0.0	    224.0	        482	         262	        446	  0.46473	1.3e-7	       240
   3	Rph1p&consensus=RxgYxxt	Rph1p	RNGYNNT	2.9e-2	   3.9e-5	         -10.15	         0.0	    449.0	        495	         545	        566	  0.90707	1.6e-7	       247
   3	Stp2p&consensus=gHGCCgH	Stp2p	GHGCCGH	3.9e-2	   5.1e-5	          -9.87	         0.0	    335.0	        495	         606	        799	  0.67677	2.1e-7	       247
   3	Aft1p&consensus=cVaxxcgGGTGCAatatgxxa	Aft1p	CVANNCGGGTGCAATATGNNA	4.1e-2	   5.5e-5	          -9.81	         0.0	    429.0	        481	         564	        593	  0.89189	2.3e-7	       240
   3	Abf1p&consensus=RTCAYxYSScACGA	Abf1p	RTCAYNYSSCACGA	6.3e-2	   8.4e-5	          -9.39	         0.0	    158.0	        488	         146	        318	  0.32377	3.4e-7	       243
   3	Ste12p&consensus=aTGAAACA	Ste12p	ATGAAACA	6.6e-2	   8.8e-5	          -9.34	         0.0	     12.0	        494	          44	        763	  0.02429	3.6e-7	       246
   3	Sip4p&consensus=tcCGGRg	Sip4p	TCCGGRG	8.0e-2	   1.1e-4	          -9.15	         0.0	    263.0	        495	         465	        748	  0.53131	4.3e-7	       247
   3	Mga1p&consensus=TTCBxt	Mga1p	TTCBNT	8.5e-2	   1.1e-4	          -9.09	         0.0	    352.0	        496	         632	        804	  0.70968	4.6e-7	       247
   3	Stp1p&consensus=RYRCGGCRC	Stp1p	RYRCGGCRC	8.6e-2	   1.1e-4	          -9.08	         0.0	    211.0	        493	         248	        456	  0.42799	4.6e-7	       246
   3	Yrm1p&consensus=aCGGAaAT	Yrm1p	ACGGAAAT	9.9e-2	   1.3e-4	          -8.93	         0.0	    268.0	        494	         484	        768	  0.54251	5.4e-7	       246
   3	Tea1p&consensus=CGSxxxtxxa	Tea1p	CGSNNNTNNA	1.5e-1	   2.0e-4	          -8.53	         0.0	    290.0	        492	         540	        804	  0.58943	8.1e-7	       245
   3	Urc2p&consensus=cggaxata	Urc2p	CGGANATA	2.0e-1	   2.6e-4	          -8.25	         0.0	    232.0	        494	         207	        346	  0.46964	1.1e-6	       246
   3	Ste12p&consensus=ATGAACAN{3}ATGAAACA	Ste12p	ATGAACA	2.3e-1	   3.0e-4	          -8.11	         0.0	     25.0	        495	          67	        713	  0.05051	1.2e-6	       247
   3	Ste12p&consensus=ATGAACAN{40}ATGAAACA	Ste12p	ATGAACA	2.3e-1	   3.0e-4	          -8.11	         0.0	     25.0	        495	          67	        713	  0.05051	1.2e-6	       247
   3	Ume6p&consensus=tagcCGCB	Ume6p	TAGCCGCB	2.9e-1	   3.8e-4	          -7.86	         0.0	    254.0	        494	         469	        785	  0.51417	1.6e-6	       246
   3	Yap7p&consensus=TKaCGTRA	Yap7p	TKACGTRA	4.3e-1	   5.7e-4	          -7.47	         0.0	    262.0	        494	         471	        768	  0.53036	2.3e-6	       246
   3	Yrr1p&consensus=VxxxxTTATtTCCGY	Yrr1p	VNNNNTTATTTCCGY	4.6e-1	   6.1e-4	          -7.40	         0.0	    277.0	        487	         401	        607	  0.56879	2.5e-6	       243
   3	Yrr1p&consensus=WCCGYKKWW	Yrr1p	WCCGYKKWW	4.7e-1	   6.2e-4	          -7.39	         0.0	     53.0	        493	         127	        782	  0.10751	2.5e-6	       246
   3	Rsc3p&consensus=HaWMaxaVCGCGCGctxtxtg	Rsc3p	HAWMANAVCGCGCGCTNTNTG	4.8e-1	   6.4e-4	          -7.36	         0.0	    183.0	        481	         187	        376	  0.38046	2.7e-6	       240
   3	Abf1p&consensus=RTCaYtxxxxACGD	Abf1p	RTCAYTNNNNACGD	5.0e-1	   6.6e-4	          -7.32	         0.0	    160.0	        488	         278	        673	  0.32787	2.7e-6	       243
   3	Haa1p&consensus=GGCGAGAGG	Haa1p	GGCGAGAGG	5.2e-1	   6.9e-4	          -7.28	         0.0	    453.0	        493	         336	        343	  0.91886	2.8e-6	       246
   3	Rox1p&consensus=YYYATTGTTCTC	Rox1p	YYYATTGTTCTC	5.2e-1	   7.0e-4	          -7.27	         0.0	    138.0	        490	         164	        425	  0.28163	2.9e-6	       244
   3	Smp1p&consensus=gctxatWtAATTataggtxa	Smp1p	GCTNATWTAATTATAGGTNA	5.4e-1	   7.1e-4	          -7.25	         0.0	    318.0	        482	         541	        733	  0.65975	3.0e-6	       240
   3	Cep3p&consensus=YTCGGAAa	Cep3p	YTCGGAAA	5.7e-1	   7.6e-4	          -7.18	         0.0	    374.0	        494	         581	        702	  0.75709	3.1e-6	       246
   3	Mig1p&consensus=GAATAYCTGGGG	Mig1p	GAATAYCTGGGG	6.3e-1	   8.3e-4	          -7.09	         0.0	    366.0	        490	         237	        275	  0.74694	3.4e-6	       244
   3	Mig2p&consensus=GAATAYCTGGGG	Mig2p	GAATAYCTGGGG	6.3e-1	   8.3e-4	          -7.09	         0.0	    366.0	        490	         237	        275	  0.74694	3.4e-6	       244
   3	Mig3p&consensus=GAATAYCTGGGG	Mig3p	GAATAYCTGGGG	6.3e-1	   8.3e-4	          -7.09	         0.0	    366.0	        490	         237	        275	  0.74694	3.4e-6	       244
   3	Pho4p&consensus=cACGTGt	Pho4p	CACGTGT	6.6e-1	   8.7e-4	          -7.04	         0.0	      9.0	        495	          27	        540	  0.01818	3.5e-6	       247
   3	Cbf1p&consensus=TCACGTT	Cbf1p	TCACGTT	7.9e-1	   1.1e-3	          -6.85	         0.0	    227.0	        495	         319	        578	  0.45859	4.3e-6	       247
   3	Rfx1p&consensus=TTGTCACAGCAAC	Rfx1p	TTGTCACAGCAAC	8.5e-1	   1.1e-3	          -6.79	         0.0	    355.0	        489	          71	         76	  0.72597	4.6e-6	       244
   3	Gzf3p&consensus=txxxxgctGATAAGgga	Gzf3p	TNNNNGCTGATAAGGGA	9.7e-1	   1.3e-3	          -6.65	         0.0	    289.0	        485	         465	        685	  0.59588	5.3e-6	       242
   3	Put3p&consensus=cCCGGGaa	Put3p	CCCGGGAA	1.0e0	   1.4e-3	          -6.60	         0.0	    210.0	        494	         335	        656	  0.42510	5.6e-6	       246
   3	Mcm1p&consensus=aAATtaSK	Mcm1p	AAATTASK	1.1e0	   1.4e-3	          -6.54	         0.0	    204.0	        494	         390	        794	  0.41296	5.9e-6	       246
   3	Hal9p&consensus=tCCGxxxxxxxxxgCGGa	Hal9p	TCCGNNNNNNNNNGCGGA	1.1e0	   1.5e-3	          -6.53	         0.0	    210.0	        484	         218	        400	  0.43388	6.0e-6	       241
   3	Reb1p&consensus=TGTTACCCGT	Reb1p	TGTTACCCGT	1.1e0	   1.5e-3	          -6.50	         0.0	    248.0	        492	         166	        259	  0.50407	6.2e-6	       245
   3	YER184C&consensus=acCGGCCGg	YER184C	ACCGGCCGG	1.3e0	   1.7e-3	          -6.40	         0.0	    345.0	        493	         305	        381	  0.69980	6.8e-6	       246
   3	Mac1p&consensus=WWWTTTGCTCR	Mac1p	WWWTTTGCTCR	1.4e0	   1.8e-3	          -6.30	         0.0	    475.0	        491	         632	        636	  0.96741	7.5e-6	       245
   3	Yap1p&consensus=TtAcStAA	Yap1p	TTACSTAA	1.4e0	   1.8e-3	          -6.30	         0.0	    196.0	        494	         374	        791	  0.39676	7.4e-6	       246
   3	Rds2p&consensus=axxxxgaAAaYCCGAgxxxxt	Rds2p	ANNNNGAAAAYCCGAGNNNNT	1.5e0	   2.0e-3	          -6.23	         0.0	    109.0	        481	         185	        611	  0.22661	8.2e-6	       240
   3	Hap1p&consensus=CGCATTTATCGC	Hap1p	CGCATTTATCGC	1.6e0	   2.1e-3	          -6.17	         0.0	    352.0	        490	         176	        207	  0.71837	8.6e-6	       244
   3	Swi4p&consensus=CACGAAA	Swi4p	CACGAAA	1.8e0	   2.4e-3	          -6.04	         0.0	    173.0	        495	         289	        673	  0.34949	9.6e-6	       247
   3	Ndt80p&consensus=HxtccggMCACAAAaacgVxa	Ndt80p	HNTCCGGMCACAAAAACGVNA	2.2e0	   3.0e-3	          -5.82	         0.0	     59.0	        481	         123	        687	  0.12266	1.2e-5	       240
   3	Yap3p&consensus=TTAcSTAA	Yap3p	TTACSTAA	2.4e0	   3.1e-3	          -5.76	         0.0	    282.0	        494	         361	        547	  0.57085	1.3e-5	       246
   3	Put3p&consensus=CGGRaaa	Put3p	CGGRAAA	2.6e0	   3.5e-3	          -5.66	         0.0	    367.0	        495	         581	        718	  0.74141	1.4e-5	       247
   3	Stp2p&consensus=txaxcgGYGCCGYRcVxcxH	Stp2p	TNANCGGYGCCGYRCVNCNH	2.7e0	   3.6e-3	          -5.62	         0.0	    310.0	        482	         350	        477	  0.64315	1.5e-5	       240
   3	Rds1p&consensus=gCGGV	Rds1p	GCGGV	2.9e0	   3.9e-3	          -5.55	         0.0	    279.0	        497	         490	        770	  0.56137	1.6e-5	       248
   3	Ste12p&consensus=CGTTTCAAAATGAAACA	Ste12p	CGTTTCAAAATGAAACA	3.0e0	   4.0e-3	          -5.52	         0.0	    339.0	        485	          54	         58	  0.69897	1.7e-5	       242
   3	Cup9p&consensus=WWtgTGTCA	Cup9p	WWTGTGTCA	3.1e0	   4.1e-3	          -5.50	         0.0	    397.0	        493	         645	        747	  0.80527	1.7e-5	       246
   3	Yap1p&consensus=SgTAATTV	Yap1p	SGTAATTV	3.2e0	   4.2e-3	          -5.46	         0.0	    280.0	        494	         460	        715	  0.56680	1.7e-5	       246
   3	Rsc30p&consensus=cSCGCGCS	Rsc30p	CSCGCGCS	3.5e0	   4.6e-3	          -5.37	         0.0	    386.0	        494	         355	        412	  0.78138	1.9e-5	       246
   3	Yap7p&consensus=CGTaAWTa	Yap7p	CGTAAWTA	3.5e0	   4.7e-3	          -5.36	         0.0	     78.0	        494	         159	        737	  0.15789	1.9e-5	       246
   3	Crz1p&consensus=GGGGCTG	Crz1p	GGGGCTG	3.9e0	   5.2e-3	          -5.26	         0.0	    331.0	        495	         222	        284	  0.66869	2.1e-5	       247
   3	Aft2p&consensus=gGGTGYg	Aft2p	GGGTGYG	3.9e0	   5.2e-3	          -5.26	         0.0	    413.0	        495	         659	        742	  0.83434	2.1e-5	       247
   3	Azf1p&consensus=aAAAAGAAa	Azf1p	AAAAAGAAA	4.0e0	   5.3e-3	          -5.23	         0.0	     53.0	        493	         124	        800	  0.10751	2.2e-5	       246
   3	Aft2p&consensus=gGGTGY	Aft2p	GGGTGY	4.2e0	   5.6e-3	          -5.19	         0.0	    322.0	        496	         521	        723	  0.64919	2.3e-5	       247
   3	Aft1p&consensus=cgGGTGYa	Aft1p	CGGGTGYA	4.2e0	   5.6e-3	          -5.18	         0.0	    256.0	        494	         428	        719	  0.51822	2.3e-5	       246
   3	Haa1p&consensus=GGCGAGGGG	Haa1p	GGCGAGGGG	4.3e0	   5.7e-3	          -5.17	         0.0	    431.0	        493	         279	        294	  0.87424	2.3e-5	       246
   3	Mcm1p&consensus=TtMStaaW	Mcm1p	TTMSTAAW	4.3e0	   5.7e-3	          -5.16	         0.0	     66.0	        494	         149	        802	  0.13360	2.3e-5	       246
   3	Arr1p&consensus=TGATTACTAATCA	Arr1p	TGATTACTAATCA	4.4e0	   5.8e-3	          -5.15	         0.0	    153.0	        489	          72	        151	  0.31288	2.4e-5	       244
   3	Ume6p&consensus=txxaDaTWGCCGCcgaxaa	Ume6p	TNNADATWGCCGCCGANAA	4.4e0	   5.9e-3	          -5.14	         0.0	    401.0	        483	         510	        572	  0.83023	2.4e-5	       241
   3	Put3p&consensus=axxxttccCGGGatxxxxat	Put3p	ANNNTTCCCGGGATNNNNAT	4.6e0	   6.1e-3	          -5.10	         0.0	    240.0	        482	         380	        658	  0.49793	2.6e-5	       240
   3	Mig1p&consensus=TATAGTGCGGGG	Mig1p	TATAGTGCGGGG	5.4e0	   7.2e-3	          -4.93	         0.0	    364.0	        490	         109	        122	  0.74286	3.0e-5	       244
   3	Mig2p&consensus=TATAGTGCGGGG	Mig2p	TATAGTGCGGGG	5.4e0	   7.2e-3	          -4.93	         0.0	    364.0	        490	         109	        122	  0.74286	3.0e-5	       244
   3	Mig3p&consensus=TATAGTGCGGGG	Mig3p	TATAGTGCGGGG	5.4e0	   7.2e-3	          -4.93	         0.0	    364.0	        490	         109	        122	  0.74286	3.0e-5	       244
   3	Cin5p&consensus=gMTTACGTAAK	Cin5p	GMTTACGTAAK	5.6e0	   7.5e-3	          -4.89	         0.0	    275.0	        491	         248	        374	  0.56008	3.1e-5	       245
   3	Stb4p&consensus=YTCGGAA	Stb4p	YTCGGAA	5.7e0	   7.5e-3	          -4.89	         0.0	    287.0	        495	         461	        704	  0.57980	3.1e-5	       247
   3	Cad1p&consensus=gaTTASTAAtM	Cad1p	GATTASTAATM	5.7e0	   7.6e-3	          -4.88	         0.0	     23.0	        491	          52	        609	  0.04684	3.1e-5	       245
   3	Cep3p&consensus=ctcaxDtTTCSGARgtcDcc	Cep3p	CTCANDTTTCSGARGTCDCC	6.4e0	   8.5e-3	          -4.77	         0.0	    452.0	        482	         591	        607	  0.93776	3.6e-5	       240
   3	Ino2p&consensus=ATGTGAAAT	Ino2p	ATGTGAAAT	6.6e0	   8.8e-3	          -4.74	         0.0	    233.0	        493	         340	        614	  0.47262	3.6e-5	       246
   3	Ino4p&consensus=ATGTGAAAT	Ino4p	ATGTGAAAT	6.6e0	   8.8e-3	          -4.74	         0.0	    233.0	        493	         340	        614	  0.47262	3.6e-5	       246
   3	Pdr3p&consensus=VCGGa	Pdr3p	VCGGA	6.8e0	   9.0e-3	          -4.71	         0.0	    441.0	        497	         718	        772	  0.88732	3.6e-5	       248
   3	YKL222C&consensus=VCGGa	YKL222C	VCGGA	6.8e0	   9.0e-3	          -4.71	         0.0	    441.0	        497	         718	        772	  0.88732	3.6e-5	       248
   3	Abf1p&consensus=RTCaYtxtxtACGR	Abf1p	RTCAYTNTNTACGR	6.9e0	   9.1e-3	          -4.70	         0.0	    172.0	        488	         264	        613	  0.35246	3.8e-5	       243
   3	Cha4p&consensus=cxxxVVgGCGGAgWtacHcc	Cha4p	CNNNVVGGCGGAGWTACHCC	7.4e0	   9.9e-3	          -4.62	         0.0	    474.0	        482	         603	        603	  0.98340	4.1e-5	       240
   3	Bas1p&consensus=AMaGAGTS	Bas1p	AMAGAGTS	7.5e0	   9.9e-3	          -4.61	         0.0	    454.0	        494	         748	        783	  0.91903	4.1e-5	       246
   3	Flo8p&consensus=TTTGCN{97}GCAAA	Flo8p	TTTGC	7.5e0	   1.0e-2	          -4.61	         0.0	     87.0	        497	         141	        588	  0.17505	4.0e-5	       248
   3	Mss11p&consensus=TTTGCN{97}GCAAA	Mss11p	TTTGC	7.5e0	   1.0e-2	          -4.61	         0.0	     87.0	        497	         141	        588	  0.17505	4.0e-5	       248
   3	Gcn4p&consensus=CACGTG	Gcn4p	CACGTG	7.6e0	   1.0e-2	          -4.59	         0.0	      8.0	        496	          22	        516	  0.01613	4.1e-5	       247
   3	Abf1p&consensus=RTCRYYYN{3}ACG	Abf1p	RTCRYYY	7.7e0	   1.0e-2	          -4.59	         0.0	    417.0	        495	         678	        759	  0.84242	4.2e-5	       247
   3	YLL054C&consensus=tCCGxxxxxxxxxxCGGa	YLL054C	TCCGNNNNNNNNNNCGGA	7.9e0	   1.1e-2	          -4.55	         0.0	    192.0	        484	         185	        371	  0.39669	4.4e-5	       241
   3	Reb1p&consensus=cMGGGTAA	Reb1p	CMGGGTAA	8.5e0	   1.1e-2	          -4.48	         0.0	    142.0	        494	         260	        734	  0.28745	4.6e-5	       246
   3	Lys14p&consensus=cxcaAAATTCCGBgcgxt	Lys14p	CNCAAAATTCCGBGCGNT	9.4e0	   1.3e-2	          -4.38	         0.0	    182.0	        484	         186	        393	  0.37603	5.2e-5	       241
   3	Rgt1p&consensus=CGGAWHAWHt	Rgt1p	CGGAWHAWHT	9.8e0	   1.3e-2	          -4.34	         0.0	    210.0	        492	         372	        746	  0.42683	5.4e-5	       245
   3	Fhl1p&consensus=gaCgCa	Fhl1p	GACGCA	9.9e0	   1.3e-2	          -4.33	         0.0	    290.0	        496	         520	        797	  0.58468	5.4e-5	       247
   3	YKL222C&consensus=aaCGGARat	YKL222C	AACGGARAT	1.0e1	   1.3e-2	          -4.32	         0.0	    373.0	        493	         629	        771	  0.75659	5.4e-5	       246

# CentriMo (Local Motif Enrichment Analysis): Version 5.0.2 compiled on Aug 31 2018 at 01:15:02
# The format of this file is described at http://meme-suite.org//doc/centrimo-output-format.html.
# centrimo -seqlen 501 -verbosity 1 -oc centrimo_out -bfile ./background -score 5.0 -ethresh 10.0 ./Fkh1_stat_peaks.fasta meme_out/meme.xml dreme_out/dreme.xml db/YEAST/YEASTRACT_20130918.meme
