Query_ID	Target_ID	Optimal_offset	p-value	E-value	q-value	Overlap	Query_consensus	Target_consensus	Orientation
HWTWTBYTTGTTTACHTTTTK	Fkh1p&consensus=aaDtGTAAACAAagxxga	-1	4.0582e-06	0.00297061	0.0058691	18	TTTTTTCTTGTTTACATTTTT	TCAACTTTGTTTACATTT	-
HWTWTBYTTGTTTACHTTTTK	Fkh1p&consensus=GTMAACAA	-7	1.9227e-05	0.0140742	0.00658148	8	TTTTTTCTTGTTTACATTTTT	TTGTTTAC	-
HWTWTBYTTGTTTACHTTTTK	Fkh2p&consensus=GTMAACAA	-7	1.9227e-05	0.0140742	0.00658148	8	TTTTTTCTTGTTTACATTTTT	TTGTTTAC	-
HWTWTBYTTGTTTACHTTTTK	Fkh1p&consensus=gtaaAcAaa	-6	2.43742e-05	0.0178419	0.00658148	9	TTTTTTCTTGTTTACATTTTT	TTTGTTTAC	-
HWTWTBYTTGTTTACHTTTTK	Fkh1p&consensus=RTAAAYAA	-7	2.73047e-05	0.019987	0.00658148	8	TTTTTTCTTGTTTACATTTTT	TTATTTAT	-
HWTWTBYTTGTTTACHTTTTK	Fkh2p&consensus=RTAAAYAA	-7	2.73047e-05	0.019987	0.00658148	8	TTTTTTCTTGTTTACATTTTT	TTATTTAT	-
HWTWTBYTTGTTTACHTTTTK	Fkh2p&consensus=gtaaaca	-8	3.36233e-05	0.0246122	0.00694672	7	TTTTTTCTTGTTTACATTTTT	TGTTTAC	-
HWTWTBYTTGTTTACHTTTTK	Rds2p&consensus=axxxxgaAAaYCCGAgxxxxt	1	0.000203369	0.148866	0.0367648	20	TTTTTTCTTGTTTACATTTTT	AAAAACTCGGATTTTCAAAAT	-
HWTWTBYTTGTTTACHTTTTK	Fkh2p&consensus=taaaca	-8	0.000325224	0.238064	0.0492489	6	TTTTTTCTTGTTTACATTTTT	TGTTTA	-
HWTWTBYTTGTTTACHTTTTK	Fkh2p&consensus=aaaGTAAACAAagxxgV	-1	0.000340533	0.24927	0.0492489	17	TTTTTTCTTGTTTACATTTTT	TCAACTTTGTTTACTTT	-
HWTWTBYTTGTTTACHTTTTK	Hcm1p&consensus=atMAACAa	-7	0.000475824	0.348303	0.0625592	8	TTTTTTCTTGTTTACATTTTT	TTGTTTAT	-
HWTWTBYTTGTTTACHTTTTK	Nhp6bp&consensus=txtHHtWatATatWaWaxD	-2	0.0012763	0.93425	0.134015	19	TTTTTTCTTGTTTACATTTTT	TATTTTTATATATTATAAT	+
HWTWTBYTTGTTTACHTTTTK	Fkh1p&consensus=RYAAACAWW	-6	0.00129731	0.949628	0.134015	9	TTTTTTCTTGTTTACATTTTT	TTTGTTTAT	-
HWTWTBYTTGTTTACHTTTTK	Fkh2p&consensus=RYAAACAWW	-6	0.00129731	0.949628	0.134015	9	TTTTTTCTTGTTTACATTTTT	TTTGTTTAT	-
TKTTTMTTYTHTTTTKYTTTTTTTTBYBY	Hsf1p&consensus=NGAANNNNNNNGAANNNNNNNGAAN	-2	0.000276385	0.202314	0.189095	25	TTTTTCTTCTATTTTTTTTTTTTTTGTTT	ATTCAAAAAAATTCAAAAAAATTCA	-
TKTTTMTTYTHTTTTKYTTTTTTTTBYBY	Azf1p&consensus=aAAAAGAAa	-13	0.000352007	0.257669	0.189095	9	TTTTTCTTCTATTTTTTTTTTTTTTGTTT	TTTCTTTTT	-
TKTTTMTTYTHTTTTKYTTTTTTTTBYBY	Azf1p&consensus=AAGAAAAA	-17	0.000387671	0.283775	0.189095	8	TTTTTCTTCTATTTTTTTTTTTTTTGTTT	TTTTTCTT	-
TKTTTMTTYTHTTTTKYTTTTTTTTBYBY	Fkh2p&consensus=aaaGTAAACAAagxxgV	-7	0.000540036	0.395306	0.197561	17	TTTTTCTTCTATTTTTTTTTTTTTTGTTT	TCAACTTTGTTTACTTT	-
TKTTTMTTYTHTTTTKYTTTTTTTTBYBY	Azf1p&consensus=AAAAGAAA	-17	0.00120047	0.878747	0.351335	8	TTTTTCTTCTATTTTTTTTTTTTTTGTTT	TTTCTTTT	-

# Tomtom (Motif Comparison Tool): Version 5.0.2 compiled on Aug 31 2018 at 01:15:19
# The format of this file is described at http://meme-suite.org//doc/tomtom-output-format.html.
# tomtom -verbosity 1 -oc meme_tomtom_out -min-overlap 5 -dist pearson -evalue -thresh 1 -no-ssc meme_out/meme.xml db/YEAST/YEASTRACT_20130918.meme
