motif_id	motif_alt_id	sequence_name	start	stop	strand	score	p-value	q-value	matched_sequence
TCTTSAAA	DREME-3	chrII__40682__40692__YBL097W__7.26923076923077	3	10	+	14.0875	3.35e-05	0.272	TCTTGAAA
TCTTSAAA	DREME-3	chrII__40680__40690__YBL097W__3.76595744680851	5	12	+	14.0875	3.35e-05	0.272	TCTTGAAA
TCTTSAAA	DREME-3	chrII__40678__40688__YBL097W__BRN1__7.58928571428571__ATGTAAACAAAGAAA	7	14	+	14.0875	3.35e-05	0.272	TCTTGAAA
TCTTSAAA	DREME-3	chrII__40678__40688__YBL097W__BRN1__26.6666666666667__ATGTAAACAAAGAAA	7	14	+	14.0875	3.35e-05	0.272	TCTTGAAA
TCTTSAAA	DREME-3	chrII__40675__40687__YBL097W__0.00300898442794	9	16	+	14.0875	3.35e-05	0.272	TCTTGAAA
TCTTSAAA	DREME-3	chrVI__119039__119049__YFL008W__1.21276595744681	44	51	+	14.0875	3.35e-05	0.272	TCTTGAAA
TCTTSAAA	DREME-3	chrII__486894__486904__YBR123C__1.5531914893617	70	77	+	14.0875	3.35e-05	0.272	TCTTGAAA
TCTTSAAA	DREME-3	chrV__330369__330379__YER087W__1.03846153846154	71	78	+	14.0875	3.35e-05	0.272	TCTTGAAA
TCTTSAAA	DREME-3	chrII__370599__370609__YBR065C__1.32692307692308	71	78	+	14.0875	3.35e-05	0.272	TCTTGAAA
TCTTSAAA	DREME-3	chrII__486890__486900__YBR123C__TFC1__3.75__AAACTAAACATGAA	74	81	+	14.0875	3.35e-05	0.272	TCTTGAAA
TCTTSAAA	DREME-3	chrII__486890__486900__YBR123C__TFC1__2.61682242990654__AAACTAAACATGAA	74	81	+	14.0875	3.35e-05	0.272	TCTTGAAA
TCTTSAAA	DREME-3	chrV__330358__330368__YER087W__AIM10__1.88659793814433__AAACAAGA	82	89	+	14.0875	3.35e-05	0.272	TCTTGAAA
TCTTSAAA	DREME-3	chrV__330358__330368__YER087W__AIM10__1.25__AAACAAGA	82	89	+	14.0875	3.35e-05	0.272	TCTTGAAA
TCTTSAAA	DREME-3	chrVI__199446__199456__YFR023W__PES4__17.8225806451613__TNTAAANAA	95	102	+	14.0875	3.35e-05	0.272	TCTTGAAA
TCTTSAAA	DREME-3	chrV__93679__93689__YEL030W__1.40425531914894	97	104	+	14.0875	3.35e-05	0.272	TCTTGAAA
TCTTSAAA	DREME-3	chrVI__199413__199423__YFR023W__24.6346153846154	128	135	+	14.0875	3.35e-05	0.272	TCTTGAAA
TCTTSAAA	DREME-3	chrVI__199413__199423__YFR023W__8.59574468085106	128	135	+	14.0875	3.35e-05	0.272	TCTTGAAA
TCTTSAAA	DREME-3	chrVI__199400__199428__YFR023W__0.000705316701613	132	139	+	14.0875	3.35e-05	0.272	TCTTGAAA
TCTTSAAA	DREME-3	chrVI__199409__199419__YFR023W__PES4__19.9067796610169__TAAATATAAACAAGA	132	139	+	14.0875	3.35e-05	0.272	TCTTGAAA
TCTTSAAA	DREME-3	chrVI__199409__199419__YFR023W__PES4__51.9462365591398__TAAATATAAACAAGA	132	139	+	14.0875	3.35e-05	0.272	TCTTGAAA
TCTTSAAA	DREME-3	chrVI__199406__199419__YFR023W__0.000765898551726	134	141	+	14.0875	3.35e-05	0.272	TCTTGAAA
TCTTSAAA	DREME-3	chrIV__452371__452381__YDR002W__1.01923076923077	143	150	+	14.0875	3.35e-05	0.272	TCTTGAAA
TCTTSAAA	DREME-3	chrV__214922__214932__YER032W__1.78846153846154	159	166	+	14.0875	3.35e-05	0.272	TCTTGAAA
TCTTSAAA	DREME-3	chrV__214922__214932__YER031C__1.78846153846154	159	166	+	14.0875	3.35e-05	0.272	TCTTGAAA
TCTTSAAA	DREME-3	chrII__486803__486813__YBR123C__1.23076923076923	161	168	+	14.0875	3.35e-05	0.272	TCTTGAAA
TCTTSAAA	DREME-3	chrV__214919__214929__YER032W__FIR1__2.14285714285714__ATGGTAAACAAAC	162	169	+	14.0875	3.35e-05	0.272	TCTTGAAA
TCTTSAAA	DREME-3	chrV__214919__214929__YER031C__YPT31__5__ATGGTAAACAAAC	162	169	+	14.0875	3.35e-05	0.272	TCTTGAAA
TCTTSAAA	DREME-3	chrV__214919__214929__YER032W__FIR1__5__ATGGTAAACAAAC	162	169	+	14.0875	3.35e-05	0.272	TCTTGAAA
TCTTSAAA	DREME-3	chrIII__279857__279867__YCR092C__1.57692307692308	173	180	+	14.0875	3.35e-05	0.272	TCTTGAAA
TCTTSAAA	DREME-3	chrIII__279857__279867__YCR093W__1.57692307692308	173	180	+	14.0875	3.35e-05	0.272	TCTTGAAA
TCTTSAAA	DREME-3	chrXII__231382__231392__YLR042C__YLR042C__2.16666666666667__TAAACAAAG	174	181	+	14.0875	3.35e-05	0.272	TCTTGAAA
TCTTSAAA	DREME-3	chrV__214864__214933__YER032W__0.0025275039917	188	195	+	14.0875	3.35e-05	0.272	TCTTGAAA
TCTTSAAA	DREME-3	chrV__214864__214933__YER031C__0.0025275039917	188	195	+	14.0875	3.35e-05	0.272	TCTTGAAA
TCTTSAAA	DREME-3	chrII__370452__370462__YBR065C__ECM2__1.54304635761589__AAACAAG	218	225	+	14.0875	3.35e-05	0.272	TCTTGAAA
TCTTSAAA	DREME-3	chrXII__231330__231340__YLR042C__1.53846153846154	226	233	+	14.0875	3.35e-05	0.272	TCTTGAAA
TCTTSAAA	DREME-3	chrXII__614644__614654__YLR238W__1.29787234042553	243	250	+	14.0875	3.35e-05	0.272	TCTTGAAA
TCTTSAAA	DREME-3	chrXII__614601__614611__YLR238W__FAR10__4.25568181818182__ATGGTAAACAAGT	286	293	+	14.0875	3.35e-05	0.272	TCTTGAAA
TCTTSAAA	DREME-3	chrXII__614601__614611__YLR238W__FAR10__3.81443298969072__ATGGTAAACAAGT	286	293	+	14.0875	3.35e-05	0.272	TCTTGAAA
TCTTSAAA	DREME-3	chrXII__614598__614608__YLR238W__4.92307692307692	289	296	+	14.0875	3.35e-05	0.272	TCTTGAAA
TCTTSAAA	DREME-3	chrV__498880__498890__YER159C-A__2.30769230769231	438	445	+	14.0875	3.35e-05	0.272	TCTTGAAA
TCTTSAAA	DREME-3	chrV__498880__498890__YER160C__2.30769230769231	438	445	+	14.0875	3.35e-05	0.272	TCTTGAAA
TCTTSAAA	DREME-3	chrVI__118627__118637__YFL008W__SMC1__1.95402298850575__TTTGTAAACACA	456	463	+	14.0875	3.35e-05	0.272	TCTTGAAA
TCTTSAAA	DREME-3	chrVI__118627__118637__YFL008W__SMC1__2__TTTGTAAACACA	456	463	+	14.0875	3.35e-05	0.272	TCTTGAAA
TCTTSAAA	DREME-3	chrVII__678273__678283__YGR097W__1.06382978723404	467	474	+	14.0875	3.35e-05	0.272	TCTTGAAA
TCTTSAAA	DREME-3	chrVII__678267__678277__YGR097W__ASK10__1.69230769230769__GTAAACAC	473	480	+	14.0875	3.35e-05	0.272	TCTTGAAA
TCTTSAAA	DREME-3	chrIV__1274011__1274021__YDR403W__DIT1__1.59090909090909__GTAAACATC	5	12	-	14.0875	3.35e-05	0.272	TCTTGAAA
TCTTSAAA	DREME-3	chrIV__1274011__1274021__YDR402C__DIT2__1.59090909090909__GTAAACATC	5	12	-	14.0875	3.35e-05	0.272	TCTTGAAA
TCTTSAAA	DREME-3	chrIV__1274011__1274021__YDR402C__DIT2__3__GTAAACATC	5	12	-	14.0875	3.35e-05	0.272	TCTTGAAA
TCTTSAAA	DREME-3	chrIV__1274011__1274021__YDR403W__DIT1__3__GTAAACATC	5	12	-	14.0875	3.35e-05	0.272	TCTTGAAA
TCTTSAAA	DREME-3	chrIV__1274009__1274019__YDR402C__4.19230769230769	7	14	-	14.0875	3.35e-05	0.272	TCTTGAAA
TCTTSAAA	DREME-3	chrIV__1274009__1274019__YDR403W__4.19230769230769	7	14	-	14.0875	3.35e-05	0.272	TCTTGAAA
TCTTSAAA	DREME-3	chrIV__1274008__1274020__YDR403W__0.00049610835872	7	14	-	14.0875	3.35e-05	0.272	TCTTGAAA
TCTTSAAA	DREME-3	chrIV__1274008__1274020__YDR402C__0.00049610835872	7	14	-	14.0875	3.35e-05	0.272	TCTTGAAA
TCTTSAAA	DREME-3	chrXV__904386__904396__YOR315W__SFG1__4.57692307692308__TGGTAAACAAGA	27	34	-	14.0875	3.35e-05	0.272	TCTTGAAA
TCTTSAAA	DREME-3	chrXV__904386__904396__YOR314W-A__YOR314W-A__4.57692307692308__TGGTAAACAAGA	27	34	-	14.0875	3.35e-05	0.272	TCTTGAAA
TCTTSAAA	DREME-3	chrXV__904386__904396__YOR315W__SFG1__3.70689655172414__TGGTAAACAAGA	27	34	-	14.0875	3.35e-05	0.272	TCTTGAAA
TCTTSAAA	DREME-3	chrXV__904386__904396__YOR314W-A__YOR314W-A__3.70689655172414__TGGTAAACAAGA	27	34	-	14.0875	3.35e-05	0.272	TCTTGAAA
TCTTSAAA	DREME-3	chrXV__904385__904395__YOR314W-A__8.27659574468085	28	35	-	14.0875	3.35e-05	0.272	TCTTGAAA
TCTTSAAA	DREME-3	chrXV__904385__904395__YOR315W__8.27659574468085	28	35	-	14.0875	3.35e-05	0.272	TCTTGAAA
TCTTSAAA	DREME-3	chrXVI__875030__875040__YPR165W__RHO1__1.40939597315436__GNAAACAAC	57	64	-	14.0875	3.35e-05	0.272	TCTTGAAA
TCTTSAAA	DREME-3	chrXVI__875027__875037__YPR165W__1.51923076923077	60	67	-	14.0875	3.35e-05	0.272	TCTTGAAA
TCTTSAAA	DREME-3	chrXVI__795022__795032__YPR131C__NAT3__1.56462585034014__AAACAAGT	87	94	-	14.0875	3.35e-05	0.272	TCTTGAAA
TCTTSAAA	DREME-3	chrXVI__795022__795032__YPR131C__NAT3__1.17021276595745__AAACAAGT	87	94	-	14.0875	3.35e-05	0.272	TCTTGAAA
TCTTSAAA	DREME-3	chrXII__687693__687703__YLR272C__1.70212765957447	123	130	-	14.0875	3.35e-05	0.272	TCTTGAAA
TCTTSAAA	DREME-3	chrV__298261__298271__YER070W__4.09615384615385	144	151	-	14.0875	3.35e-05	0.272	TCTTGAAA
TCTTSAAA	DREME-3	chrV__298257__298267__YER070W__RNR1__3.55__CGTAAACAAAG	148	155	-	14.0875	3.35e-05	0.272	TCTTGAAA
TCTTSAAA	DREME-3	chrV__298257__298267__YER070W__RNR1__1.33571428571429__CGTAAACAAAG	148	155	-	14.0875	3.35e-05	0.272	TCTTGAAA
TCTTSAAA	DREME-3	chrXV__770190__770200__YOR230W__WTM1__5.10344827586207__ATTGTAAACATC	213	220	-	14.0875	3.35e-05	0.272	TCTTGAAA
TCTTSAAA	DREME-3	chrXV__770188__770198__YOR230W__4.71153846153846	215	222	-	14.0875	3.35e-05	0.272	TCTTGAAA
TCTTSAAA	DREME-3	chrXV__770187__770199__YOR230W__0.000610914102188	215	222	-	14.0875	3.35e-05	0.272	TCTTGAAA
TCTTSAAA	DREME-3	chrX__140531__140541__snR190__SNR190__2.02898550724638__ATGTAAACAT	235	242	-	14.0875	3.35e-05	0.272	TCTTGAAA
TCTTSAAA	DREME-3	chrXVI__329319__329329__YPL116W__HOS3__9.50943396226415__ATTGTAAACAACT	235	242	-	14.0875	3.35e-05	0.272	TCTTGAAA
TCTTSAAA	DREME-3	chrX__140531__140541__snR128__SNR128__2.02898550724638__ATGTAAACAT	235	242	-	14.0875	3.35e-05	0.272	TCTTGAAA
TCTTSAAA	DREME-3	chrXVI__329319__329329__YPL117C__IDI1__9.50943396226415__ATTGTAAACAACT	235	242	-	14.0875	3.35e-05	0.272	TCTTGAAA
TCTTSAAA	DREME-3	chrXVI__329319__329329__YPL116W__HOS3__8.53731343283582__ATTGTAAACAACT	235	242	-	14.0875	3.35e-05	0.272	TCTTGAAA
TCTTSAAA	DREME-3	chrXVI__329319__329329__YPL117C__IDI1__8.53731343283582__ATTGTAAACAACT	235	242	-	14.0875	3.35e-05	0.272	TCTTGAAA
TCTTSAAA	DREME-3	chrXVI__794873__794883__YPR131C__1.51063829787234	236	243	-	14.0875	3.35e-05	0.272	TCTTGAAA
TCTTSAAA	DREME-3	chrXVI__329306__329316__YPL116W__HOS3__13.0049504950495__--------	248	255	-	14.0875	3.35e-05	0.272	TCTTGAAA
TCTTSAAA	DREME-3	chrXVI__329306__329316__YPL117C__IDI1__13.0049504950495__--------	248	255	-	14.0875	3.35e-05	0.272	TCTTGAAA
TCTTSAAA	DREME-3	chrXVI__329289__329333__YPL116W__0.001646619497	248	255	-	14.0875	3.35e-05	0.272	TCTTGAAA
TCTTSAAA	DREME-3	chrXVI__329289__329333__YPL117C__0.001646619497	248	255	-	14.0875	3.35e-05	0.272	TCTTGAAA
TCTTSAAA	DREME-3	chrXVI__794851__794861__YPR131C__1.53846153846154	258	265	-	14.0875	3.35e-05	0.272	TCTTGAAA
TCTTSAAA	DREME-3	chrX__140506__140516__snR190__1.65384615384615	260	267	-	14.0875	3.35e-05	0.272	TCTTGAAA
TCTTSAAA	DREME-3	chrX__140506__140516__snR128__1.65384615384615	260	267	-	14.0875	3.35e-05	0.272	TCTTGAAA
TCTTSAAA	DREME-3	chrXVI__329291__329301__YPL116W__6.5531914893617	263	270	-	14.0875	3.35e-05	0.272	TCTTGAAA
TCTTSAAA	DREME-3	chrXVI__329291__329301__YPL117C__6.5531914893617	263	270	-	14.0875	3.35e-05	0.272	TCTTGAAA
TCTTSAAA	DREME-3	chrXVI__329289__329301__YPL117C__0.000710088112877	264	271	-	14.0875	3.35e-05	0.272	TCTTGAAA
TCTTSAAA	DREME-3	chrXVI__329289__329301__YPL116W__0.000710088112877	264	271	-	14.0875	3.35e-05	0.272	TCTTGAAA
TCTTSAAA	DREME-3	chrXVI__329290__329300__YPL116W__15.1730769230769	264	271	-	14.0875	3.35e-05	0.272	TCTTGAAA
TCTTSAAA	DREME-3	chrXVI__329290__329300__YPL117C__15.1730769230769	264	271	-	14.0875	3.35e-05	0.272	TCTTGAAA
TCTTSAAA	DREME-3	chrXV__517563__517573__YOR104W__2.53846153846154	272	279	-	14.0875	3.35e-05	0.272	TCTTGAAA
TCTTSAAA	DREME-3	chrXV__517563__517573__YOR105W__2.53846153846154	272	279	-	14.0875	3.35e-05	0.272	TCTTGAAA
TCTTSAAA	DREME-3	chrXV__517563__517573__YOR103C__2.53846153846154	272	279	-	14.0875	3.35e-05	0.272	TCTTGAAA
TCTTSAAA	DREME-3	chrXV__517559__517569__YOR103C__OST2__4.53939393939394__TAAAAATAAACAAGA	276	283	-	14.0875	3.35e-05	0.272	TCTTGAAA
TCTTSAAA	DREME-3	chrXV__517559__517569__YOR105W__YOR105W__4.53939393939394__TAAAAATAAACAAGA	276	283	-	14.0875	3.35e-05	0.272	TCTTGAAA
TCTTSAAA	DREME-3	chrXV__517559__517569__YOR104W__PIN2__4.53939393939394__TAAAAATAAACAAGA	276	283	-	14.0875	3.35e-05	0.272	TCTTGAAA
TCTTSAAA	DREME-3	chrIII__248853__248863__YCR075W-A__6.51063829787234	281	288	-	14.0875	3.35e-05	0.272	TCTTGAAA
TCTTSAAA	DREME-3	chrIII__248853__248863__YCR075C__6.51063829787234	281	288	-	14.0875	3.35e-05	0.272	TCTTGAAA
TCTTSAAA	DREME-3	chrIII__248852__248864__YCR075C__0.000931894257843	281	288	-	14.0875	3.35e-05	0.272	TCTTGAAA
TCTTSAAA	DREME-3	chrIII__248852__248864__YCR075W-A__0.000931894257843	281	288	-	14.0875	3.35e-05	0.272	TCTTGAAA
TCTTSAAA	DREME-3	chrIII__248852__248862__YCR075W-A__7.73076923076923	282	289	-	14.0875	3.35e-05	0.272	TCTTGAAA
TCTTSAAA	DREME-3	chrIII__248852__248862__YCR075C__7.73076923076923	282	289	-	14.0875	3.35e-05	0.272	TCTTGAAA
TCTTSAAA	DREME-3	chrXVI__329212__329333__YPL117C__0.00342813183164	287	294	-	14.0875	3.35e-05	0.272	TCTTGAAA
TCTTSAAA	DREME-3	chrXVI__329212__329333__YPL116W__0.00342813183164	287	294	-	14.0875	3.35e-05	0.272	TCTTGAAA
TCTTSAAA	DREME-3	chrIII__248844__248854__YCR075W-A__YCR075W-A__5.96153846153846__--------	290	297	-	14.0875	3.35e-05	0.272	TCTTGAAA
TCTTSAAA	DREME-3	chrIII__248844__248854__YCR075C__ERS1__5.96153846153846__--------	290	297	-	14.0875	3.35e-05	0.272	TCTTGAAA
TCTTSAAA	DREME-3	chrIII__248844__248854__YCR075W-A__YCR075W-A__7.91411042944785__--------	290	297	-	14.0875	3.35e-05	0.272	TCTTGAAA
TCTTSAAA	DREME-3	chrIII__248844__248854__YCR075C__ERS1__7.91411042944785__--------	290	297	-	14.0875	3.35e-05	0.272	TCTTGAAA
TCTTSAAA	DREME-3	chrV__439077__439087__YER135C__1.13461538461538	293	300	-	14.0875	3.35e-05	0.272	TCTTGAAA
TCTTSAAA	DREME-3	chrV__439077__439087__YER136W__1.13461538461538	293	300	-	14.0875	3.35e-05	0.272	TCTTGAAA
TCTTSAAA	DREME-3	chrV__439072__439082__YER136W__GDI1__2.07142857142857__AAACTAAACATGA	298	305	-	14.0875	3.35e-05	0.272	TCTTGAAA
TCTTSAAA	DREME-3	chrV__439072__439082__YER135C__YER135C__2.07142857142857__AAACTAAACATGA	298	305	-	14.0875	3.35e-05	0.272	TCTTGAAA
TCTTSAAA	DREME-3	chrV__439072__439082__YER136W__GDI1__1.71428571428571__AAACTAAACATGA	298	305	-	14.0875	3.35e-05	0.272	TCTTGAAA
TCTTSAAA	DREME-3	chrV__439072__439082__YER135C__YER135C__1.71428571428571__AAACTAAACATGA	298	305	-	14.0875	3.35e-05	0.272	TCTTGAAA
TCTTSAAA	DREME-3	chrII__297864__297874__YBR030W__RKM3__3.64238410596026__GTAAACAGNA	305	312	-	14.0875	3.35e-05	0.272	TCTTGAAA
TCTTSAAA	DREME-3	chrII__297864__297874__YBR029C__CDS1__3.64238410596026__GTAAACAGNA	305	312	-	14.0875	3.35e-05	0.272	TCTTGAAA
TCTTSAAA	DREME-3	chrII__297863__297873__YBR029C__2.98076923076923	306	313	-	14.0875	3.35e-05	0.272	TCTTGAAA
TCTTSAAA	DREME-3	chrII__297863__297873__YBR030W__2.98076923076923	306	313	-	14.0875	3.35e-05	0.272	TCTTGAAA
TCTTSAAA	DREME-3	chrI__73738__73748__YAL037W__YAL037W__1.78571428571429__TTTATAAANAANA	306	313	-	14.0875	3.35e-05	0.272	TCTTGAAA
TCTTSAAA	DREME-3	chrI__73738__73748__YAL037C-A__YAL037C-A__1.78571428571429__TTTATAAANAANA	306	313	-	14.0875	3.35e-05	0.272	TCTTGAAA
TCTTSAAA	DREME-3	chrI__73738__73748__YAL037C-B__YAL037C-B__1.78571428571429__TTTATAAANAANA	306	313	-	14.0875	3.35e-05	0.272	TCTTGAAA
TCTTSAAA	DREME-3	chrXV__904070__904080__YOR315W__3.23076923076923	343	350	-	14.0875	3.35e-05	0.272	TCTTGAAA
TCTTSAAA	DREME-3	chrXV__904070__904080__YOR314W-A__3.23076923076923	343	350	-	14.0875	3.35e-05	0.272	TCTTGAAA
TCTTSAAA	DREME-3	chrXV__904061__904071__YOR315W__SFG1__4.05031446540881__TTTGTAAATAT	352	359	-	14.0875	3.35e-05	0.272	TCTTGAAA
TCTTSAAA	DREME-3	chrXV__904061__904071__YOR314W-A__YOR314W-A__4.05031446540881__TTTGTAAATAT	352	359	-	14.0875	3.35e-05	0.272	TCTTGAAA
TCTTSAAA	DREME-3	chrXV__904041__904075__YOR314W-A__0.000750744596985	360	367	-	14.0875	3.35e-05	0.272	TCTTGAAA
TCTTSAAA	DREME-3	chrXV__904041__904075__YOR315W__0.000750744596985	360	367	-	14.0875	3.35e-05	0.272	TCTTGAAA
TCTTSAAA	DREME-3	chrXV__904035__904045__YOR315W__SFG1__5.80625__--------	378	385	-	14.0875	3.35e-05	0.272	TCTTGAAA
TCTTSAAA	DREME-3	chrXV__904035__904045__YOR314W-A__YOR314W-A__5.80625__--------	378	385	-	14.0875	3.35e-05	0.272	TCTTGAAA
TCTTSAAA	DREME-3	chrXV__904035__904045__YOR315W__SFG1__3.13333333333333__--------	378	385	-	14.0875	3.35e-05	0.272	TCTTGAAA
TCTTSAAA	DREME-3	chrXV__904035__904045__YOR314W-A__YOR314W-A__3.13333333333333__--------	378	385	-	14.0875	3.35e-05	0.272	TCTTGAAA
TCTTSAAA	DREME-3	chrI__73658__73668__YAL037C-A__1.08510638297872	386	393	-	14.0875	3.35e-05	0.272	TCTTGAAA
TCTTSAAA	DREME-3	chrI__73658__73668__YAL037C-B__1.08510638297872	386	393	-	14.0875	3.35e-05	0.272	TCTTGAAA
TCTTSAAA	DREME-3	chrXIII__559005__559015__YMR147W__1.05769230769231	388	395	-	14.0875	3.35e-05	0.272	TCTTGAAA
TCTTSAAA	DREME-3	chrXIII__559005__559015__YMR146C__1.05769230769231	388	395	-	14.0875	3.35e-05	0.272	TCTTGAAA
TCTTSAAA	DREME-3	chrXIII__559002__559012__YMR147W__YMR147W__1.54362416107383__TAAATATGT	391	398	-	14.0875	3.35e-05	0.272	TCTTGAAA
TCTTSAAA	DREME-3	chrXIII__559002__559012__YMR146C__TIF34__1.54362416107383__TAAATATGT	391	398	-	14.0875	3.35e-05	0.272	TCTTGAAA
TCTTSAAA	DREME-3	chrXIII__559002__559012__YMR147W__YMR147W__1.22222222222222__TAAATATGT	391	398	-	14.0875	3.35e-05	0.272	TCTTGAAA
TCTTSAAA	DREME-3	chrXIII__559002__559012__YMR146C__TIF34__1.22222222222222__TAAATATGT	391	398	-	14.0875	3.35e-05	0.272	TCTTGAAA
TCTTSAAA	DREME-3	chrX__158101__158111__YJL134W__LCB3__2.42028985507246__ATGTAAACAAAC	399	406	-	14.0875	3.35e-05	0.272	TCTTGAAA
TCTTSAAA	DREME-3	chrX__158101__158111__YJL136C__RPS21B__2.42028985507246__ATGTAAACAAAC	399	406	-	14.0875	3.35e-05	0.272	TCTTGAAA
TCTTSAAA	DREME-3	chrIII__39532__39542__YCL050C__1.86538461538462	439	446	-	14.0875	3.35e-05	0.272	TCTTGAAA
TCTTSAAA	DREME-3	chrVIII__320117__320127__YHR103W__SBE22__2.04255319148936__TGGTAAACAT	447	454	-	14.0875	3.35e-05	0.272	TCTTGAAA
TCTTSAAA	DREME-3	chrVIII__320116__320126__YHR103W__2.23076923076923	448	455	-	14.0875	3.35e-05	0.272	TCTTGAAA
TCTTSAAA	DREME-3	chrXV__878305__878315__YOR299W__1.36170212765957	460	467	-	14.0875	3.35e-05	0.272	TCTTGAAA
TCTTSAAA	DREME-3	chrXV__1036690__1036776__YOR373W__0.000456818028839	487	494	-	14.0875	3.35e-05	0.272	TCTTGAAA
TCTTSAAA	DREME-3	chrXV__1036690__1036776__YOR372C__0.000456818028839	487	494	-	14.0875	3.35e-05	0.272	TCTTGAAA
TCTTSAAA	DREME-3	chrVII__836580__836590__YGR169C__PUS6__1.52777777777778__TAAACAAAGA	44	51	+	13.5625	6.7e-05	0.316	TCTTCAAA
TCTTSAAA	DREME-3	chrVII__836580__836590__YGR170W__PSD2__1.52777777777778__TAAACAAAGA	44	51	+	13.5625	6.7e-05	0.316	TCTTCAAA
TCTTSAAA	DREME-3	chrVIII__345739__345749__YHR118C__1.28846153846154	45	52	+	13.5625	6.7e-05	0.316	TCTTCAAA
TCTTSAAA	DREME-3	chrVIII__345739__345749__YHR119W__1.28846153846154	45	52	+	13.5625	6.7e-05	0.316	TCTTCAAA
TCTTSAAA	DREME-3	chrVIII__345738__345748__YHR119W__SET1__1.84397163120567__CGTAAACAAC	46	53	+	13.5625	6.7e-05	0.316	TCTTCAAA
TCTTSAAA	DREME-3	chrVIII__345738__345748__YHR118C__ORC6__1.84397163120567__CGTAAACAAC	46	53	+	13.5625	6.7e-05	0.316	TCTTCAAA
TCTTSAAA	DREME-3	chrXI__547911__547921__YKR055W__1.02127659574468	58	65	+	13.5625	6.7e-05	0.316	TCTTCAAA
TCTTSAAA	DREME-3	chrXV__361344__361354__YOR016C__ERP4__2.00689655172414__TATAAACAGG	76	83	+	13.5625	6.7e-05	0.316	TCTTCAAA
TCTTSAAA	DREME-3	chrXV__361344__361354__YOR017W__PET127__1.40625__TATAAACAGG	76	83	+	13.5625	6.7e-05	0.316	TCTTCAAA
TCTTSAAA	DREME-3	chrIII__39532__39542__YCL050C__1.86538461538462	133	140	+	13.5625	6.7e-05	0.316	TCTTCAAA
TCTTSAAA	DREME-3	chrVIII__429387__429397__YHR164C__DNA2__3.1063829787234__AAACAAGAA	146	153	+	13.5625	6.7e-05	0.316	TCTTCAAA
TCTTSAAA	DREME-3	chrVIII__429387__429397__YHR164C__2.67307692307692	146	153	+	13.5625	6.7e-05	0.316	TCTTCAAA
TCTTSAAA	DREME-3	chrVII__836471__836481__YGR170W__1.11538461538462	153	160	+	13.5625	6.7e-05	0.316	TCTTCAAA
TCTTSAAA	DREME-3	chrVII__836471__836481__YGR169C__1.11538461538462	153	160	+	13.5625	6.7e-05	0.316	TCTTCAAA
TCTTSAAA	DREME-3	chrXIII__480698__480708__YMR106C__YKU80__1.34228187919463__GGTAAATAA	155	162	+	13.5625	6.7e-05	0.316	TCTTCAAA
TCTTSAAA	DREME-3	chrVI__119271__119281__YFL008W__1.40384615384615	219	226	+	13.5625	6.7e-05	0.316	TCTTCAAA
TCTTSAAA	DREME-3	chrXIII__91919__91929__YML089C__1.88461538461538	224	231	+	13.5625	6.7e-05	0.316	TCTTCAAA
TCTTSAAA	DREME-3	chrXIII__91919__91929__YML088W__1.88461538461538	224	231	+	13.5625	6.7e-05	0.316	TCTTCAAA
TCTTSAAA	DREME-3	chrXIII__91917__91927__YML088W__UFO1__1.60606060606061__AAACAAGA	226	233	+	13.5625	6.7e-05	0.316	TCTTCAAA
TCTTSAAA	DREME-3	chrXIII__91917__91927__YML089C__YML089C__1.60606060606061__AAACAAGA	226	233	+	13.5625	6.7e-05	0.316	TCTTCAAA
TCTTSAAA	DREME-3	chrIII__39435__39445__YCL050C__APA1__2.23423423423423__--------	230	237	+	13.5625	6.7e-05	0.316	TCTTCAAA
TCTTSAAA	DREME-3	chrIII__39435__39445__YCL050C__APA1__3.89795918367347__--------	230	237	+	13.5625	6.7e-05	0.316	TCTTCAAA
TCTTSAAA	DREME-3	chrVII__334405__334415__YGL093W__1.34042553191489	249	256	+	13.5625	6.7e-05	0.316	TCTTCAAA
TCTTSAAA	DREME-3	chrXIII__480588__480598__YMR106C__1.94230769230769	265	272	+	13.5625	6.7e-05	0.316	TCTTCAAA
TCTTSAAA	DREME-3	chrX__158101__158111__YJL134W__LCB3__2.42028985507246__ATGTAAACAAAC	283	290	+	13.5625	6.7e-05	0.316	TCTTCAAA
TCTTSAAA	DREME-3	chrX__158101__158111__YJL136C__RPS21B__2.42028985507246__ATGTAAACAAAC	283	290	+	13.5625	6.7e-05	0.316	TCTTCAAA
TCTTSAAA	DREME-3	chrV__214147__214209__YER032W__0.000293141857547	315	322	+	13.5625	6.7e-05	0.316	TCTTCAAA
TCTTSAAA	DREME-3	chrIII__39316__39379__YCL050C__0.000449306054177	322	329	+	13.5625	6.7e-05	0.316	TCTTCAAA
TCTTSAAA	DREME-3	chrIII__39329__39339__YCL050C__1.61702127659574	336	343	+	13.5625	6.7e-05	0.316	TCTTCAAA
TCTTSAAA	DREME-3	chrXI__307177__307187__YKL069W__YKL069W__2.24299065420561__TATAAACATGAA	399	406	+	13.5625	6.7e-05	0.316	TCTTCAAA
TCTTSAAA	DREME-3	chrXI__307177__307187__YKL069W__YKL069W__10.9395973154362__TATAAACATGAA	399	406	+	13.5625	6.7e-05	0.316	TCTTCAAA
TCTTSAAA	DREME-3	chrXI__307175__307185__YKL069W__5.86538461538461	401	408	+	13.5625	6.7e-05	0.316	TCTTCAAA
TCTTSAAA	DREME-3	chrX__157967__157977__YJL134W__1.59615384615385	417	424	+	13.5625	6.7e-05	0.316	TCTTCAAA
TCTTSAAA	DREME-3	chrX__157967__157977__YJL136C__1.59615384615385	417	424	+	13.5625	6.7e-05	0.316	TCTTCAAA
TCTTSAAA	DREME-3	chrVI__119039__119049__YFL008W__1.21276595744681	451	458	+	13.5625	6.7e-05	0.316	TCTTCAAA
TCTTSAAA	DREME-3	chrVIII__219132__219143__YHR059W__0.00184011426582	32	39	-	13.5625	6.7e-05	0.316	TCTTCAAA
TCTTSAAA	DREME-3	chrVIII__219132__219143__YHR057C__0.00184011426582	32	39	-	13.5625	6.7e-05	0.316	TCTTCAAA
TCTTSAAA	DREME-3	chrVIII__219132__219142__YHR059W__1.5	33	40	-	13.5625	6.7e-05	0.316	TCTTCAAA
TCTTSAAA	DREME-3	chrVIII__219132__219142__YHR057C__1.5	33	40	-	13.5625	6.7e-05	0.316	TCTTCAAA
TCTTSAAA	DREME-3	chrIV__820047__820057__YDR179C__1.06382978723404	57	64	-	13.5625	6.7e-05	0.316	TCTTCAAA
TCTTSAAA	DREME-3	chrV__465208__465218__YER148W__1.57446808510638	64	71	-	13.5625	6.7e-05	0.316	TCTTCAAA
TCTTSAAA	DREME-3	chrV__465208__465218__YER147C__1.57446808510638	64	71	-	13.5625	6.7e-05	0.316	TCTTCAAA
TCTTSAAA	DREME-3	chrV__465108__465118__YER147C__SCC4__1.89473684210526__AGTAAACAAG	164	171	-	13.5625	6.7e-05	0.316	TCTTCAAA
TCTTSAAA	DREME-3	chrV__465108__465118__YER148W__SPT15__1.89473684210526__AGTAAACAAG	164	171	-	13.5625	6.7e-05	0.316	TCTTCAAA
TCTTSAAA	DREME-3	chrIII__262414__262424__YCR086W__1.23404255319149	176	183	-	13.5625	6.7e-05	0.316	TCTTCAAA
TCTTSAAA	DREME-3	chrXII__722755__722765__YLR295C__ATP14__1.66666666666667__AAACAAGT	201	208	-	13.5625	6.7e-05	0.316	TCTTCAAA
TCTTSAAA	DREME-3	chrXII__722755__722765__YLR294C__YLR294C__1.66666666666667__AAACAAGT	201	208	-	13.5625	6.7e-05	0.316	TCTTCAAA
TCTTSAAA	DREME-3	chrXIII__501980__501990__YMR117C__SPC24__2.47787610619469__ATGTAAACAATG	238	245	-	13.5625	6.7e-05	0.316	TCTTCAAA
TCTTSAAA	DREME-3	chrXIII__501980__501990__YMR117C__SPC24__11.0738255033557__ATGTAAACAATG	238	245	-	13.5625	6.7e-05	0.316	TCTTCAAA
TCTTSAAA	DREME-3	chrXIII__501979__501989__YMR117C__1.61702127659574	239	246	-	13.5625	6.7e-05	0.316	TCTTCAAA
TCTTSAAA	DREME-3	chrXIII__501979__501989__YMR117C__7.23076923076923	239	246	-	13.5625	6.7e-05	0.316	TCTTCAAA
TCTTSAAA	DREME-3	chrVII__733390__733400__YGR122W__1.28846153846154	260	267	-	13.5625	6.7e-05	0.316	TCTTCAAA
TCTTSAAA	DREME-3	chrVII__733390__733400__YGR121W-A__1.28846153846154	260	267	-	13.5625	6.7e-05	0.316	TCTTCAAA
TCTTSAAA	DREME-3	chrVII__733390__733400__YGR121C__1.28846153846154	260	267	-	13.5625	6.7e-05	0.316	TCTTCAAA
TCTTSAAA	DREME-3	chrIV__1117024__1117034__YDR325W__YCG1__7.79141104294478__AGGTAAACAAAC	270	277	-	13.5625	6.7e-05	0.316	TCTTCAAA
TCTTSAAA	DREME-3	chrIV__1117024__1117034__YDR324C__UTP4__7.79141104294478__AGGTAAACAAAC	270	277	-	13.5625	6.7e-05	0.316	TCTTCAAA
TCTTSAAA	DREME-3	chrIV__1117022__1117032__YDR325W__3.28846153846154	272	279	-	13.5625	6.7e-05	0.316	TCTTCAAA
TCTTSAAA	DREME-3	chrIV__1117022__1117032__YDR324C__3.28846153846154	272	279	-	13.5625	6.7e-05	0.316	TCTTCAAA
TCTTSAAA	DREME-3	chrXIII__501889__501989__YMR117C__0.000999439990845	284	291	-	13.5625	6.7e-05	0.316	TCTTCAAA
TCTTSAAA	DREME-3	chrXIII__146021__146031__YML064C__11	289	296	-	13.5625	6.7e-05	0.316	TCTTCAAA
TCTTSAAA	DREME-3	chrXIII__146014__146037__YML063W__0.000640315046099	289	296	-	13.5625	6.7e-05	0.316	TCTTCAAA
TCTTSAAA	DREME-3	chrXIII__146021__146031__YML063W__17.4038461538462	289	296	-	13.5625	6.7e-05	0.316	TCTTCAAA
TCTTSAAA	DREME-3	chrXIII__146021__146031__YML064C__17.4038461538462	289	296	-	13.5625	6.7e-05	0.316	TCTTCAAA
TCTTSAAA	DREME-3	chrXIII__146021__146031__YML063W__11	289	296	-	13.5625	6.7e-05	0.316	TCTTCAAA
TCTTSAAA	DREME-3	chrXIII__146014__146037__YML064C__0.000640315046099	289	296	-	13.5625	6.7e-05	0.316	TCTTCAAA
TCTTSAAA	DREME-3	chrXIII__146017__146027__YML063W__RPS1B__29.2818791946309__AGGTAAACAAGAA	293	300	-	13.5625	6.7e-05	0.316	TCTTCAAA
TCTTSAAA	DREME-3	chrXIII__146017__146027__YML064C__TEM1__29.2818791946309__AGGTAAACAAGAA	293	300	-	13.5625	6.7e-05	0.316	TCTTCAAA
TCTTSAAA	DREME-3	chrXIII__146017__146027__YML063W__RPS1B__10.8125__AGGTAAACAAGAA	293	300	-	13.5625	6.7e-05	0.316	TCTTCAAA
TCTTSAAA	DREME-3	chrXIII__146017__146027__YML064C__TEM1__10.8125__AGGTAAACAAGAA	293	300	-	13.5625	6.7e-05	0.316	TCTTCAAA
TCTTSAAA	DREME-3	chrXIII__146014__146027__YML063W__0.000580727289979	295	302	-	13.5625	6.7e-05	0.316	TCTTCAAA
TCTTSAAA	DREME-3	chrXIII__146014__146027__YML064C__0.000580727289979	295	302	-	13.5625	6.7e-05	0.316	TCTTCAAA
TCTTSAAA	DREME-3	chrV__330478__330488__YER087W__1.4468085106383	316	323	-	13.5625	6.7e-05	0.316	TCTTCAAA
TCTTSAAA	DREME-3	chrV__330475__330485__YER087W__AIM10__1.53571428571429__AAACAAG	319	326	-	13.5625	6.7e-05	0.316	TCTTCAAA
TCTTSAAA	DREME-3	chrII__449370__449380__YBR104W__4.01923076923077	343	350	-	13.5625	6.7e-05	0.316	TCTTCAAA
TCTTSAAA	DREME-3	chrII__449363__449386__YBR104W__0.00052110565933	344	351	-	13.5625	6.7e-05	0.316	TCTTCAAA
TCTTSAAA	DREME-3	chrII__449366__449376__YBR104W__YMC2__6.43046357615894__TTTGTAAACAAAGAAA	347	354	-	13.5625	6.7e-05	0.316	TCTTCAAA
TCTTSAAA	DREME-3	chrVII__733278__733288__YGR122W__YGR122W__1.72916666666667__--------	372	379	-	13.5625	6.7e-05	0.316	TCTTCAAA
TCTTSAAA	DREME-3	chrVII__733278__733288__YGR121W-A__YGR121W-A__1.72916666666667__--------	372	379	-	13.5625	6.7e-05	0.316	TCTTCAAA
TCTTSAAA	DREME-3	chrVII__733278__733288__YGR121C__MEP1__1.72916666666667__--------	372	379	-	13.5625	6.7e-05	0.316	TCTTCAAA
TCTTSAAA	DREME-3	chrXI__46731__46741__YKL209C__STE6__2.5__--------	381	388	-	13.5625	6.7e-05	0.316	TCTTCAAA
TCTTSAAA	DREME-3	chrXI__46731__46741__YKL208W__1.4468085106383	381	388	-	13.5625	6.7e-05	0.316	TCTTCAAA
TCTTSAAA	DREME-3	chrXI__46731__46741__YKL208W__CBT1__2.5__--------	381	388	-	13.5625	6.7e-05	0.316	TCTTCAAA
TCTTSAAA	DREME-3	chrXI__46731__46741__YKL209C__1.4468085106383	381	388	-	13.5625	6.7e-05	0.316	TCTTCAAA
TCTTSAAA	DREME-3	chrIV__423682__423692__YDL017W__CDC7__2.69285714285714__TGTCAACAAAG	414	421	-	13.5625	6.7e-05	0.316	TCTTCAAA
TCTTSAAA	DREME-3	chrIV__423682__423692__YDL018C__ERP3__2.69285714285714__TGTCAACAAAG	414	421	-	13.5625	6.7e-05	0.316	TCTTCAAA
TCTTSAAA	DREME-3	chrIV__423680__423690__YDL017W__2.61538461538462	416	423	-	13.5625	6.7e-05	0.316	TCTTCAAA
TCTTSAAA	DREME-3	chrIV__423680__423690__YDL018C__2.61538461538462	416	423	-	13.5625	6.7e-05	0.316	TCTTCAAA
TCTTSAAA	DREME-3	chrV__330369__330379__YER087W__1.03846153846154	425	432	-	13.5625	6.7e-05	0.316	TCTTCAAA
TCTTSAAA	DREME-3	chrX__533897__533908__YJR053W__0.00201960525456	427	434	-	13.5625	6.7e-05	0.316	TCTTCAAA
TCTTSAAA	DREME-3	chrX__533894__533904__YJR053W__BFA1__1.70068027210884__AATAAACAAAC	430	437	-	13.5625	6.7e-05	0.316	TCTTCAAA
TCTTSAAA	DREME-3	chrV__330358__330368__YER087W__AIM10__1.25__AAACAAGA	436	443	-	13.5625	6.7e-05	0.316	TCTTCAAA
TCTTSAAA	DREME-3	chrV__330358__330368__YER087W__AIM10__1.88659793814433__AAACAAGA	436	443	-	13.5625	6.7e-05	0.316	TCTTCAAA
TCTTSAAA	DREME-3	chrIV__621922__621932__YDR089W__1.17021276595745	442	449	-	13.5625	6.7e-05	0.316	TCTTCAAA
TCTTSAAA	DREME-3	chrIV__621915__621925__YDR089W__YDR089W__1.93548387096774__ATAAACAAAG	449	456	-	13.5625	6.7e-05	0.316	TCTTCAAA
TCTTSAAA	DREME-3	chrIV__1117024__1117034__YDR325W__YCG1__7.79141104294478__AGGTAAACAAAC	458	465	-	13.5625	6.7e-05	0.316	TCTTCAAA
TCTTSAAA	DREME-3	chrIV__1117024__1117034__YDR324C__UTP4__7.79141104294478__AGGTAAACAAAC	458	465	-	13.5625	6.7e-05	0.316	TCTTCAAA
TCTTSAAA	DREME-3	chrIV__1117022__1117032__YDR325W__3.28846153846154	460	467	-	13.5625	6.7e-05	0.316	TCTTCAAA
TCTTSAAA	DREME-3	chrIV__1117022__1117032__YDR324C__3.28846153846154	460	467	-	13.5625	6.7e-05	0.316	TCTTCAAA
TCTTSAAA	DREME-3	chrII__40675__40737__YBL097W__0.00199649357711	466	473	-	13.5625	6.7e-05	0.316	TCTTCAAA
TCTTSAAA	DREME-3	chrXIII__145843__145853__YML063W__RPS1B__1.59060402684564__AGNAAACAAT	467	474	-	13.5625	6.7e-05	0.316	TCTTCAAA
TCTTSAAA	DREME-3	chrXIII__145843__145853__YML063W__RPS1B__1.27083333333333__AGNAAACAAT	467	474	-	13.5625	6.7e-05	0.316	TCTTCAAA
TCTTSAAA	DREME-3	chrII__40682__40692__YBL097W__7.26923076923077	485	492	-	13.5625	6.7e-05	0.316	TCTTCAAA
TCTTSAAA	DREME-3	chrII__40680__40690__YBL097W__3.76595744680851	487	494	-	13.5625	6.7e-05	0.316	TCTTCAAA
TCTTSAAA	DREME-3	chrII__40678__40688__YBL097W__BRN1__26.6666666666667__ATGTAAACAAAGAAA	489	496	-	13.5625	6.7e-05	0.316	TCTTCAAA
TCTTSAAA	DREME-3	chrII__40678__40688__YBL097W__BRN1__7.58928571428571__ATGTAAACAAAGAAA	489	496	-	13.5625	6.7e-05	0.316	TCTTCAAA
TCTTSAAA	DREME-3	chrII__40675__40687__YBL097W__0.00300898442794	491	498	-	13.5625	6.7e-05	0.316	TCTTCAAA

# FIMO (Find Individual Motif Occurrences): Version 5.0.2 compiled on Aug 31 2018 at 01:15:04
# The format of this file is described at http://meme-suite.org//doc/fimo-output-format.html.
# fimo --parse-genomic-coord --verbosity 1 --oc fimo_out_13 --bgfile ./background --motif TCTTSAAA dreme_out/dreme.xml ./Fkh1_combined.fasta
